INSERT INTO `role`(`lib_role`) 
VALUES 
("Utilisateur"),
("Controleur"),
("Administrateur");

 INSERT INTO `famille` (`id_famille`, `lib_famille`, `promo_famille`) VALUES
(1, 'Héro', 0),
(2, 'Zen', 0),
(3, 'Valentin', 1);

INSERT INTO `produit`(`lib_produit`, `type_produit`, `spec_produit`, `prix_produit`, `diametre_produit`) 
VALUES 
("Petit Badge","Badge","Petit",1,56),
("Grand Badge","Badge","Grand",1.50,70),
("Porte-clé","Porte-clé",NULL,1,56),
("Porte-clé Miroir","Porte-clé","Miroir",2,56),
("Petit Magnet","Magnet","Petit",1,56),
("Grand Magnet","Magnet","Grand",1.50,70),
("Petit Miroir","Miroir","Petit",1,56),
("Grand Miroir","Miroir","Grand",1.50,70),
("Décapsuleur Porte-clé","Décapsuleur","Porte-clé",2,56),
("Décapsuleur Magnet","Décapsuleur","Magnet",2,56);

INSERT INTO `commande` (`id_commande`, `num_commande`, `date_commande`, `total_commande`, `mode_paiement`, `nom_commande`, `prenom_commande`, `classe_commande`, `tel_commande`, `mail_commande`, `id_user`, `id_statut`, `id_user_controleur`) VALUES
(1, 'W1', '2022-02-07 00:00:00', 1.5, 'especes', ' Adrien', ' Carles', '', ' ', ' ', 1, 7, 3),
(2, 'W2', '2022-02-07 00:00:00', 8, 'especes', 'Benjamin', 'Carels', '', '  ', '  ', 1, 7, 3),
(3, NULL, '2022-02-07 00:00:00', 9, NULL, NULL, NULL, NULL, NULL, NULL, 1, 1, NULL),
(4, NULL, '2022-02-08 00:00:00', 0, NULL, NULL, NULL, NULL, NULL, NULL, 1, 1, NULL),
(5, 'W5', '2022-02-08 00:00:00', 3, 'especes', 'Test', 'Essai', '500', '025568965646', '', 1, 7, 2),
(6, 'W6', '2022-02-08 00:00:00', 2, 'cheque', 'Test2', 'Test2', '501', '', 'Adrien@gmail.com', 1, 2, 2),
(7, 'W7', '2022-02-08 00:00:00', 1.5, 'especes', 'Ates3', 'Teas3', 'asad', '', '', 1, 7, 2),
(8, 'W8', '2022-02-08 00:00:00', 1, 'cheque', 'dazdazd', 'dzadazdaf', '', '', '', 1, 7, 2),
(9, 'W9', '2022-02-08 00:00:00', 1, 'especes', 'Azerty', 'qwerty', '', '', '', 1, 7, 2),
(10, 'W10', '2022-02-08 00:00:00', 2, 'especes', '  fzedzf', 'efzfcdgjuilul', '520', '', '', 1, 7, 2),
(11, 'W11', '2022-03-16 00:00:00', 1, 'especes', 'poiuytr', 'mlkjhgfd', '500', '', '', 1, 7, 2),
(12, 'W12', '2022-03-01 00:00:00', 1, 'cheque', 'Adrtienflzj', 'Cralesfvopbjql', '500', '', '', 1, 7, 2),
(16, 'P16', '2022-02-09 00:00:00', 4.5, 'cheque', 'Adrien', 'Carles', '5000', '', '', 3, 7, 3),
(17, 'W17', '2022-02-09 00:00:00', 8, 'especes', 'Adrien', 'Carles', '500', '', '', 3, 3, 2),
(18, 'P18', '2022-02-09 00:00:00', 1, 'especes', 'Carles', 'Benjamin', '500', '', '', 3, 6, 3),
(19, 'W19', '2022-02-09 00:00:00', 2, 'cheque', 'Bernard', 'Ferrand', '84456', '', '', 3, 3, 3),
(24, 'W24', '2022-02-10 00:00:00', 3.5, 'especes', 'Carles', 'Benjamin', '509', '', '', 1, 2, NULL),
(25, 'W25', '2022-02-10 00:00:00', 2, 'especes', 'Soler', 'Muriel', '', '', '', 1, 2, NULL),
(26, 'W26', '2022-02-10 00:00:00', 4, 'especes', 'Bernard', 'Alain', '', '', '', 1, 2, NULL),
(27, 'W27', '2022-02-10 00:00:00', 3, 'especes', 'aDez', 'dzazad', '', '', '', 1, 2, NULL),
(28, 'W28', '2022-02-10 00:00:00', 2, 'especes', 'Soler', 'Manou', '', '', '', 1, 5, 2),
(29, 'W29', '2022-02-10 00:00:00', 1, 'especes', 'Soler', 'Adrien', '', '', '', 1, 2, NULL),
(30, 'W30', '2022-02-11 00:00:00', 2, 'especes', 'Carles', 'Adrien ', '500', '', '', 1, 2, NULL),
(31, 'W31', '2022-02-11 00:00:00', 1, '', '', '', '', '', '', 1, 2, NULL),
(32, 'W32', '2022-02-11 00:00:00', 1, 'especes', 'Carles', 'Ben', '555', '', '', 1, 2, NULL),
(33, 'W33', '2022-02-11 00:00:00', 4, 'cheque', 'Carles', 'Cyp', '444', '123456789', 'Adrien@gmail.com', 1, 2, NULL),
(34, 'P34', '2022-02-11 00:00:00', 1, 'cheque', 'Azert', 'Erwan', '', '', '', 3, 2, NULL),
(35, 'W35', '2022-02-11 00:00:00', 1, 'especes', 'AQW', 'cde', '456', '', '', 1, 2, NULL),
(36, 'W36', '2022-02-11 00:00:00', 1, 'especes', 'sdzea', 'dzad', '', '', '', 1, 7, 2),
(37, 'W37', '2022-02-11 00:00:00', 4, 'cheque', 'Carles', 'Adrien', '', '561654', '', 1, 2, 2),
(38, NULL, '2022-02-11 00:00:00', 2, NULL, NULL, NULL, NULL, NULL, NULL, 1, 1, NULL),
(39, 'W39', '2022-02-11 00:00:00', 1, 'especes', 'Adrien', 'Cartles', '', '', '', 1, 2, NULL),
(40, 'W40', '2022-02-11 15:16:25', 1, 'especes', 'eza', 'eza', 'eza', 'eza', '', 1, 7, 2),
(41, 'W41', '2022-02-11 15:21:42', 2, 'especes', '', '', '', '', '', 1, 2, NULL);


INSERT INTO `image` (`id_famille`, `id_image`) VALUES
(1, 1),
(1, 2),
(1, 3),
(1, 4),
(1, 5),
(1, 6),
(1, 7),
(1, 8),
(1, 9),
(1, 10),
(1, 11),
(1, 12),
(1, 13),
(1, 14),
(1, 15),
(1, 16),
(1, 17),
(1, 18),
(1, 19),
(1, 20),
(1, 21),
(1, 22),
(1, 23),
(1, 24),
(1, 25),
(1, 26),
(2, 1),
(2, 2),
(2, 3),
(2, 4),
(2, 5),
(2, 6),
(2, 7),
(2, 8),
(2, 9),
(2, 10),
(2, 11),
(2, 12),
(2, 13),
(2, 14),
(2, 15),
(2, 16),
(2, 17),
(2, 18),
(2, 19),
(2, 20),
(2, 21),
(2, 22),
(2, 23),
(2, 24),
(2, 25),
(2, 26),
(2, 27),
(2, 28),
(2, 29),
(2, 30),
(3, 1),
(3, 2),
(3, 3),
(3, 4),
(3, 5),
(3, 6),
(3, 7),
(3, 8),
(3, 9),
(3, 10),
(3, 11),
(3, 12),
(3, 13),
(3, 14),
(3, 15),
(3, 16),
(3, 17),
(3, 18),
(3, 19),
(3, 20),
(3, 21),
(3, 22),
(3, 23),
(3, 24),
(3, 25),
(3, 26),
(3, 27),
(3, 28),
(3, 29),
(3, 30),
(3, 31),
(3, 32),
(3, 33),
(3, 34),
(3, 35),
(3, 36),
(3, 37),
(3, 38),
(3, 39),
(3, 40),
(3, 41),
(3, 42);


INSERT INTO `statut`(`lib_statut`) 
VALUES 
("Panier"),
("Valider_client"),
("Valider_controleur"),
("Annulee_client"),
("Annulee_controleur"),
("Fabrique"),
("Livre")

INSERT INTO `utilisateur`(`nom_user`, `prenom_user`, `mdp_user`, `classe_user`, `tel_user`, `mail_user`, `id_role`) 
VALUES 
("Default","Default",NULL,NULL,NULL,NULL,1),
('Admin', 'Silusins', '$2y$10$TYAL4PopunuuFYWPhtf1huKpn3rXojXUaDaTi0YsW9KQVZlVM8ML6', NULL, NULL, NULL, 3),
('Controleur', 'Controleur', '$2y$10$jYNEKOt0bDSaN/YyAfxxNOsinStZosajHPAowxb2wX5noIuTmQYhK', NULL, NULL, NULL, 2),
('Miramond', 'Léa', '$2y$10$7vkVZWqd6rozDGZ1dUHgveThgD6a6c0Y.vx/XjBSDx3E9piqI.rCi', '', '', '', 2),
('Ferrarese', 'Théo', '$2y$10$0iuR2PEj99HC1BCTlSybQ.HPoQe97cn1DSd.sbPaIV7n7QS6CFnXW', '', '', '', 2),
('Maurel', 'Angelo', '$2y$10$mC9VzTmebjApzyNb35twg.QndTc3onLENaFxyNeJUOj./GRueXH8a', '', '', '', 2),
('Dumon', 'Scyllia', '$2y$10$Uj9VHSngfGcdm35K0eh/1uldOQT/uzKoSm61GdGJMoTtKBm2dwRn2', '', '', '', 2),
('Lefebvre', 'Enzo', '$2y$10$BynADtuJ4MRZ2y9Cl24izeN2XjLHYiKckg/2XdznOFI31vR1UNoy2', '', '', '', 2),
('Serin', 'Matthis', '$2y$10$kZ9cnl.sQhXgU3BWLYVIOundY1iayxY3T187XijZkLZuUk9TWEz9i', '', '', '', 2),
('Selatna', 'David', '$2y$10$ZkIyvPhuU1QsdYJytQXa6uAOoaoERIDDiMW/ynSenmRrXX1geNi4u', '', '', '', 2);

INSERT INTO `produit_image_commande` (`id_produit`, `id_famille`, `id_image`, `id_commande`, `quantite`, `message`) VALUES
(1, 3, 1, 9, 1, ''),
(1, 3, 1, 12, 1, ''),
(1, 3, 3, 16, 1, 'rzea'),
(2, 3, 4, 7, 1, ''),
(2, 3, 5, 27, 1, ''),
(2, 3, 7, 1, 1, ''),
(2, 3, 7, 27, 1, ''),
(2, 3, 19, 17, 1, 'eza'),
(2, 3, 19, 33, 2, ''),
(3, 3, 3, 5, 1, ''),
(3, 3, 5, 3, 1, ''),
(3, 3, 5, 34, 1, ''),
(3, 3, 5, 40, 1, 'zae'),
(3, 3, 6, 29, 1, ''),
(3, 3, 6, 32, 1, 'Adrien'),
(3, 3, 6, 33, 1, 'Adrien'),
(3, 3, 7, 31, 1, 'Adrien'),
(3, 3, 7, 36, 1, ''),
(3, 3, 7, 39, 1, ''),
(3, 3, 8, 3, 1, 'sa'),
(3, 3, 8, 8, 1, ''),
(3, 3, 8, 11, 1, ''),
(3, 3, 8, 18, 1, ''),
(3, 3, 15, 35, 1, ''),
(4, 3, 5, 6, 1, ''),
(4, 3, 6, 5, 1, ''),
(4, 3, 7, 19, 1, ''),
(4, 3, 7, 25, 1, 'z'),
(4, 3, 7, 30, 1, ''),
(4, 3, 8, 2, 3, ''),
(4, 3, 8, 28, 1, ''),
(4, 3, 8, 41, 1, ''),
(4, 3, 9, 3, 2, ''),
(4, 3, 9, 16, 1, ''),
(4, 3, 9, 24, 1, ''),
(4, 3, 9, 37, 1, 'ae'),
(4, 3, 19, 26, 2, ''),
(4, 3, 23, 10, 1, ''),
(4, 3, 23, 17, 1, 'rez'),
(6, 3, 9, 3, 1, ''),
(6, 3, 12, 16, 1, ''),
(6, 3, 41, 17, 2, ''),
(8, 3, 6, 24, 1, 'Adrien'),
(8, 3, 7, 3, 1, ''),
(8, 3, 15, 17, 1, ''),
(9, 3, 8, 37, 1, ''),
(9, 3, 8, 38, 1, '');